Path,Table,Rows,SizeMB,DataAsOf
_data_quality_answer_key.csv,_data_quality_answer_key,19068,1.34,2026-10-10
activities/fact_activities_FY2023-24.csv,fact_activities,246245,24.2,2026-10-10
activities/fact_activities_FY2024-25.csv,fact_activities,499446,49.32,2026-10-10
activities/fact_activities_FY2025-26.csv,fact_activities,546475,54.15,2026-10-10
activities/fact_activities_FY2026-27.csv,fact_activities,315828,31.41,2026-10-10
dim_accounts.csv,dim_accounts,4975,0.91,2026-10-10
dim_contacts.csv,dim_contacts,49316,5.45,2026-10-10
dim_outlets.csv,dim_outlets,9,0.0,2026-10-10
dim_products.csv,dim_products,21,0.0,2026-10-10
dim_users.csv,dim_users,221,0.03,2026-10-10
fact_leads.csv,fact_leads,108884,20.49,2026-10-10
fact_opportunities.csv,fact_opportunities,43873,10.03,2026-10-10
fact_opportunity_lines.csv,fact_opportunity_lines,44544,2.26,2026-10-10
fact_pipeline_snapshot.csv,fact_pipeline_snapshot,44243,2.74,2026-10-10
fact_report_requests.csv,fact_report_requests,1521,0.21,2026-10-10
fact_stage_history.csv,fact_stage_history,180639,14.15,2026-10-10
fact_targets.csv,fact_targets,296,0.01,2026-10-10
