OutletID,OutletName,City,Zone,Channel
HQ,Anvaya Motors - Head Office,Bengaluru,Bengaluru Central,Head Office
OUT01,Anvaya Motors - Whitefield,Bengaluru,Bengaluru East,Retail
OUT02,Anvaya Motors - Hebbal,Bengaluru,Bengaluru North,Retail
OUT03,Anvaya Motors - Electronic City,Bengaluru,Bengaluru South,Retail
OUT04,Anvaya Motors - Jayanagar,Bengaluru,Bengaluru South,Retail
OUT05,Anvaya Motors - Mysuru,Mysuru,South Karnataka,Retail
OUT06,Anvaya Motors - Hubballi,Hubballi,North Karnataka,Retail
OUT07,Anvaya Motors - Mangaluru,Mangaluru,Coastal Karnataka,Retail
OUT08,Anvaya Motors - Corporate & Fleet Desk,Bengaluru,Bengaluru Central,Corporate & Fleet
